SERIAL;AREA;UBICACION
MXL3200LXS;SALA No.2;35
MXL3200LYT;SALA No.2;36
MXL3200LZ3;SALA No.2;37
MXL3200LZ4;SALA No.2;38
MXL3200M0C;SALA No.2;39
MXL3200LZ7;SALA No.2;40
MXL3200LZS;SALA No.2;41
MXL3200LYZ;SALA No.2;42
MXL3200LZ5;SALA No.2;43
MXL3200LZP;SALA No.2;44
MXL3200M09;SALA No.2;45
MXL3200LX1;SALA No.2;46
MXL3200LXY;SALA No.2;47
MXL3200LZR;SALA No.2;48
MXL3200LZL;SALA No.2;49
MXL3200LZT;SALA No.2;50
MXL3200M07;SALA No.2;51
MXL3200LXX;SALA No.2;52
MXL3200LWN;SALA No.2;53
MXL3200M0B;SALA No.2;54
MXL3200LXV;SALA No.2;55
MXL3200M3K;SALA No.2;56
MXL3200LZM;SALA No.2;57
MXL3200LY5;SALA No.2;58
MXL3200LY1;SALA No.2;59
MXL3200LWR;SALA No.2;60
MXL3200LZD;SALA No.2;61
MXL3200LYB;SALA No.2;62
MXL3200LXT;SALA No.2;63
MXL3200LYS;SALA No.2;64
MXL3200LX7;SALA No.2;65
MXL3200LWJ;SALA No.3;66
MXL3200LZQ;SALA No.3;67
MXL3200LYY;SALA No.3;68
MXL3200LZ2;SALA No.3;69
MXL3200LX9;SALA No.3;70
MXL3200LZC;SALA No.3;71
MXL3200LZK;SALA No.3;72
MXL3200LXJ;SALA No.3;73
MXL3200LX5;SALA No.3;74
MXL3200LY3;SALA No.3;75
MXL3200LZG;SALA No.3;76
MXL3200LX2;SALA No.3;77
MXL3200LY8;SALA No.3;78
MXL3200LYJ;SALA No.3;79
MXL3200LXD;SALA No.3;80
MXL3200LYD;SALA No.3;81
MXL3200LYW;SALA No.3;82
MXL3200LZW;SALA No.3;83
MXL3200LXF;SALA No.3;84
MXL3200M01;SALA No.3;85
MXL3200LXQ;SALA No.3;86
MXL3200LYH;SALA No.3;87
MXL3200LYK;SALA No.3;88
MXL3200LYQ;SALA No.3;89
MXL3200LYR;SALA No.3;90
MXL3200LYM;SALA No.3;91
MXL3200LY2;SALA No.3;92
MXL3200LWM;SALA No.3;93
MXL3200LXL;SALA No.3;94
MXL3200M3J;SALA No.3;95
MXL3200LXZ;SALA No.3;96
